0.54241,0.46585,0.30164,0.23897,0.23008,0.26004,0.22527,0.22016,0.1954,0.31301,0.19014,0.17151,0.17061,0.16996,0.19386,0.18954,0.15507,0.25585,0.15606,0.17148,0.12394,0.166,0.14161,0.13888,0.16655,0.13172,0.13685,0.12402,0.12057,0.14034,0.11217,0.11799,0.11351,0.11439,0.11047,0.21161,0.11466,0.10696,0.12271,0.12342,0.1309,0.10118,0.10691,0.098429,0.09542,0.11013,0.094068,0.097635,0.11114,0.091928,0.096183,0.108,0.084067,0.083896,0.096486,0.089821,0.086639,0.094657,0.085739,0.088343,0.091978,0.097081,0.088551,0.093222,0.086537,0.07444,0.083634,0.079893,0.084188,0.072612,0.079374,0.078537,0.073007,0.068169,0.07299,0.071365,0.070841,0.069758,0.083777,0.068392,0.067812,0.064952,0.066454,0.072342,0.073761,0.06274,0.059308,0.065034,0.056294,0.058895,0.067384,0.064776,0.059255,0.053878,0.051207,0.052067,0.054447,0.050628,0.04841,0.048208,0.063443,0.048274,0.049071,0.046379,0.047736,0.046517,0.045842,0.04126,0.043263,0.042071,0.040814,0.039141,0.042301,0.038495,0.042124,0.036458,0.040398,0.032469,0.03281,0.032606,0.0296,0.029839,0.028138,0.026252,0.02398,0.025987,0.020677,0.017393,0.017686,0.012589,8.0665e-15
0.28417,0.48421,0.35,0.21402,0.23048,0.33486,0.26805,0.34084,0.29722,0.18577,0.15781,0.20203,0.15299,0.37211,0.16316,0.17944,0.15191,0.14404,0.13842,0.14258,0.14802,0.14661,0.19503,0.14367,0.14964,0.16543,0.1293,0.14189,0.12502,0.1277,0.11685,0.17523,0.12023,0.25174,0.10628,0.11158,0.10806,0.10333,0.1192,0.11195,0.10587,0.10018,0.11843,0.10997,0.09803,0.11241,0.089558,0.10214,0.096858,0.093747,0.093526,0.10931,0.10416,0.090972,0.096558,0.085533,0.090055,0.093552,0.089658,0.084279,0.083319,0.089541,0.084088,0.084316,0.082914,0.077163,0.081328,0.077877,0.07931,0.075416,0.078177,0.07442,0.070131,0.085086,0.069691,0.070888,0.073279,0.071124,0.063801,0.066726,0.071938,0.065013,0.069567,0.060077,0.073245,0.058603,0.075083,0.060182,0.060114,0.060805,0.060673,0.061913,0.055465,0.055198,0.057876,0.054496,0.050836,0.052677,0.052459,0.04907,0.051758,0.051111,0.051054,0.04724,0.046486,0.048109,0.046829,0.043816,0.04161,0.0433,0.040351,0.044281,0.037328,0.037147,0.037288,0.034657,0.035569,0.033005,0.031663,0.033415,0.027717,0.029354,0.027745,0.0267,0.025959,0.02265,0.022912,0.015763,0.014219,0.0098483,9.963e-15
0.59521,0.22504,0.35742,0.38248,0.2897,0.2815,0.23959,0.21228,0.35117,0.19023,0.16748,0.19064,0.32247,0.17087,0.19278,0.19421,0.16082,0.23293,0.16482,0.17622,0.14313,0.13951,0.18794,0.12363,0.12181,0.11794,0.12183,0.12338,0.11104,0.11705,0.12566,0.12682,0.12587,0.12352,0.11625,0.12945,0.10376,0.10844,0.10055,0.11095,0.10676,0.10623,0.11754,0.12381,0.10439,0.10092,0.10043,0.10048,0.091066,0.10061,0.094966,0.10655,0.093833,0.098244,0.089545,0.085987,0.0935,0.095942,0.10012,0.082742,0.084147,0.094569,0.084845,0.07698,0.077887,0.082539,0.085334,0.081629,0.085943,0.072092,0.074506,0.077873,0.076888,0.08189,0.083406,0.072938,0.075929,0.079761,0.069324,0.070466,0.064469,0.067575,0.058903,0.064579,0.062047,0.064185,0.058311,0.057857,0.074181,0.058451,0.058847,0.062707,0.061464,0.054984,0.061695,0.058077,0.051042,0.055135,0.050722,0.049489,0.054316,0.04457,0.044676,0.043849,0.04621,0.056165,0.046689,0.045098,0.043949,0.041833,0.042622,0.042649,0.039337,0.03967,0.037032,0.036352,0.038991,0.033911,0.033775,0.03049,0.027991,0.028022,0.026489,0.024558,0.024436,0.021863,0.020536,0.017113,0.0161,0.011039,7.1389e-15
0.25939,0.50694,0.22545,0.27537,0.23554,0.19047,0.33645,0.28551,0.28411,0.17682,0.16416,0.26431,0.18329,0.1561,0.20032,0.20289,0.16138,0.17784,0.14032,0.17249,0.13571,0.12805,0.13485,0.13367,0.1436,0.15355,0.18988,0.12112,0.11927,0.12608,0.1323,0.16974,0.11769,0.11861,0.1223,0.11611,0.10504,0.11433,0.10577,0.11975,0.11215,0.10985,0.10617,0.093522,0.10849,0.10252,0.095592,0.089977,0.096753,0.10384,0.090392,0.10122,0.10324,0.10955,0.090697,0.091281,0.088141,0.087621,0.093123,0.081476,0.083276,0.087609,0.082422,0.086233,0.10092,0.078592,0.075689,0.072861,0.075836,0.075327,0.082845,0.071915,0.070319,0.067501,0.071345,0.073512,0.074898,0.06783,0.072145,0.080365,0.068746,0.066959,0.065259,0.069001,0.065622,0.06107,0.062346,0.072224,0.065661,0.055987,0.062336,0.054672,0.062313,0.052579,0.062243,0.053775,0.059052,0.052518,0.051988,0.054359,0,0,0,0,0,0,0,0,0,0,0,0,0,0,0,0,0,0,0,0,0,0,0,0,0,0,0,0,0,0,0
0.56917,0.28188,0.34699,0.42008,0.30381,0.21908,0.32585,0.2264,0.18274,0.32246,0.1872,0.19453,0.16823,0.1872,0.18191,0.16135,0.17508,0.16342,0.14801,0.14432,0.15894,0.17438,0.14664,0.15277,0.13168,0.12747,0.11948,0.24769,0.16225,0.12271,0.12253,0.13124,0.20968,0.11536,0.13017,0.15275,0.11797,0.10552,0.1133,0.1288,0.12694,0.10869,0.11892,0.1008,0.099662,0.10077,0.10382,0.091583,0.096239,0.088096,0.093979,0.10358,0.098542,0.090198,0.098423,0.090649,0.084882,0.091711,0.088675,0.080717,0.086856,0.08008,0.081062,0.079443,0.076666,0.075732,0.080204,0.08678,0.074672,0.073049,0.08101,0.071287,0.074878,0.08013,0.064524,0.076816,0.081131,0.069334,0.073259,0.066191,0.075161,0.065901,0.06587,0.06506,0.06442,0.063128,0.058665,0.067466,0.058335,0.061536,0.060137,0.053543,0.054738,0.056681,0.054598,0.053757,0.052593,0.0525,0.050542,0.05363,0,0,0,0,0,0,0,0,0,0,0,0,0,0,0,0,0,0,0,0,0,0,0,0,0,0,0,0,0,0,0
0.27926,0.50268,0.35,0.28574,0.2505,0.34956,0.22441,0.21881,0.27957,0.19602,0.17378,0.16998,0.16644,0.35866,0.13974,0.17942,0.13869,0.2902,0.20849,0.17246,0.13954,0.15205,0.15229,0.17297,0.11524,0.14048,0.15239,0.11924,0.14261,0.12433,0.133,0.14254,0.12052,0.12226,0.12263,0.11116,0.13726,0.10801,0.10914,0.098779,0.10077,0.11261,0.13106,0.11033,0.10366,0.095729,0.14956,0.11457,0.10257,0.092859,0.092417,0.10747,0.089349,0.092277,0.088908,0.092421,0.083239,0.089892,0.086538,0.085112,0.097297,0.080417,0.083183,0.086311,0.077286,0.074007,0.08575,0.082901,0.084958,0.072814,0.099771,0.073218,0.072105,0.076616,0.075555,0.070953,0.07362,0.074589,0.067402,0.070031,0.063745,0.069559,0.064226,0.064912,0.06944,0.062141,0.066207,0.061591,0.056482,0.05939,0.060866,0.058972,0.054158,0.056373,0.062599,0.054392,0.054621,0.054452,0.05525,0.047076,0,0,0,0,0,0,0,0,0,0,0,0,0,0,0,0,0,0,0,0,0,0,0,0,0,0,0,0,0,0,0
0.39608,0.33454,0.25908,0.39226,0.27415,0.20105,0.26067,0.22746,0.20414,0.23294,0.35839,0.17357,0.14559,0.18162,0.17149,0.16358,0.19692,0.1431,0.13554,0.18348,0.1424,0.13343,0.14339,0.15368,0.12308,0.15183,0.14747,0.14492,0.12659,0.12301,0.13763,0.12373,0.116,0.12015,0.10781,0.10652,0.11481,0.10664,0.10403,0.10851,0.11051,0.10362,0.11838,0.11736,0.093919,0.1146,0.089199,0.11769,0.114,0.10184,0.08886,0.096787,0.094354,0.10418,0.087126,0.099374,0.091662,0.079557,0.089213,0.081459,0.087967,0.080573,0.084166,0.089201,0.089842,0.080585,0.080961,0.07455,0.074159,0.074709,0.077125,0.10088,0.072474,0.072109,0.068099,0.066645,0.068159,0.070233,0.068953,0.065273,0.06587,0.07018,0.066059,0.063494,0.068938,0.061599,0.059495,0.057655,0.057147,0.056202,0.059409,0.063471,0.061311,0.059605,0.058316,0.059615,0.051608,0.051145,0.052813,0.050482,0,0,0,0,0,0,0,0,0,0,0,0,0,0,0,0,0,0,0,0,0,0,0,0,0,0,0,0,0,0,0
0.34082,0.27232,0.25926,0.4326,0.35384,0.2539,0.31579,0.20613,0.18301,0.22699,0.19646,0.30747,0.1828,0.16105,0.16872,0.17249,0.35117,0.2156,0.15031,0.13435,0.2508,0.20356,0.13488,0.1317,0.14335,0.11937,0.13977,0.11806,0.11805,0.11235,0.12958,0.10959,0.10915,0.11275,0.11288,0.12155,0.11431,0.12759,0.12124,0.11221,0.10736,0.10401,0.10912,0.11081,0.10825,0.092903,0.10625,0.1129,0.1136,0.096114,0.091914,0.094008,0.091327,0.099794,0.091147,0.089129,0.087621,0.08383,0.089812,0.08311,0.083853,0.085912,0.090225,0.07815,0.085078,0.078118,0.088497,0.092879,0.078691,0.070293,0.077559,0.073243,0.076983,0.076651,0.07945,0.069981,0.076195,0.067033,0.071385,0.075862,0.069008,0.065584,0.066542,0.066548,0.065742,0.060623,0.063672,0.062299,0.071295,0.061038,0.058785,0.056744,0.056385,0.059427,0.053767,0.053419,0.069009,0.050917,0.057865,0.047755,0,0,0,0,0,0,0,0,0,0,0,0,0,0,0,0,0,0,0,0,0,0,0,0,0,0,0,0,0,0,0
0.42687,0.21234,0.52976,0.32896,0.19842,0.37626,0.21901,0.22044,0.36014,0.19698,0.23691,0.16027,0.16019,0.18788,0.15254,0.15487,0.15952,0.17289,0.14174,0.13184,0.12687,0.13081,0.16631,0.13199,0.12944,0.13239,0.13505,0.14486,0.1279,0.16883,0.16415,0.12108,0.13837,0.1389,0.11834,0.13126,0.1559,0.11788,0.11249,0.12568,0.11005,0.10439,0.096582,0.12266,0.096441,0.11029,0.10543,0.09792,0.1032,0.09706,0.095566,0.095446,0.097874,0.092256,0.098744,0.096187,0.093177,0.094957,0.081708,0.10419,0.077984,0.10635,0.080933,0.082413,0.088336,0.07905,0.081638,0.084373,0.073957,0.076702,0.08253,0.081789,0.076677,0.074889,0.072058,0.07134,0.070488,0.067942,0.065155,0.065323,0.069851,0.073925,0.062953,0.067124,0.064639,0.064801,0.061742,0.061116,0.058574,0.059394,0.057289,0.055088,0.063693,0.059475,0.056504,0.057186,0.053502,0.058462,0.050689,0.054055,0,0,0,0,0,0,0,0,0,0,0,0,0,0,0,0,0,0,0,0,0,0,0,0,0,0,0,0,0,0,0
0.35,0.6361,0.37948,0.24317,0.30611,0.21387,0.20843,0.22798,0.20259,0.16444,0.16701,0.18645,0.29223,0.22523,0.15256,0.17572,0.15502,0.14821,0.16543,0.17172,0.14075,0.14704,0.13057,0.13768,0.15738,0.15291,0.15333,0.13778,0.12532,0.15229,0.12043,0.13034,0.11421,0.18354,0.12666,0.1096,0.12038,0.14327,0.097558,0.10164,0.09585,0.10757,0.10032,0.091169,0.1145,0.094746,0.1083,0.10245,0.09255,0.0941,0.1089,0.10263,0.099284,0.095284,0.091322,0.095247,0.092962,0.09003,0.077386,0.08553,0.095247,0.083878,0.084812,0.085341,0.080133,0.075821,0.082261,0.0716,0.074997,0.075544,0.076183,0.069495,0.073009,0.068866,0.080134,0.079959,0.073419,0.06699,0.0754,0.076959,0.067722,0.075294,0.067904,0.064543,0.064645,0.060561,0.060429,0.060554,0.068336,0.063745,0.059072,0.070157,0.056914,0.056238,0.054397,0.055726,0.050953,0.056053,0.04834,0.048298,0,0,0,0,0,0,0,0,0,0,0,0,0,0,0,0,0,0,0,0,0,0,0,0,0,0,0,0,0,0,0
0.54241,0.2985,0.33946,0.25524,0.22818,0.20902,0.31731,0.23688,0.21302,0.29833,0.22468,0.14833,0.19503,0.34027,0.17981,0.17036,0.16858,0.15337,0.20313,0.14898,0.18225,0.16305,0.13127,0.13005,0.13422,0.15138,0.12377,0.11819,0.14019,0.13081,0.2339,0.11038,0.12412,0.15675,0.1155,0.11064,0.10575,0.11054,0.13208,0.10549,0.11278,0.10219,0.10669,0.10589,0.11064,0.12226,0.096531,0.10099,0.12214,0.092174,0,0,0,0,0,0,0,0,0,0,0,0,0,0,0,0,0,0,0,0,0,0,0,0,0,0,0,0,0,0,0,0,0,0,0,0,0,0,0,0,0,0,0,0,0,0,0,0,0,0,0,0,0,0,0,0,0,0,0,0,0,0,0,0,0,0,0,0,0,0,0,0,0,0,0,0,0,0,0,0,0
0.35528,0.31463,0.3437,0.30137,0.39671,0.28407,0.3227,0.18457,0.23206,0.24395,0.20153,0.17424,0.17727,0.16459,0.19355,0.14175,0.14781,0.15867,0.16198,0.16205,0.14644,0.13575,0.14495,0.19294,0.12961,0.12562,0.13964,0.12445,0.12321,0.13244,0.12487,0.2061,0.11971,0.1248,0.10618,0.10677,0.13828,0.10089,0.11102,0.10718,0.099163,0.10365,0.1047,0.13685,0.11106,0.10187,0.10764,0.10004,0.1034,0.10731,0,0,0,0,0,0,0,0,0,0,0,0,0,0,0,0,0,0,0,0,0,0,0,0,0,0,0,0,0,0,0,0,0,0,0,0,0,0,0,0,0,0,0,0,0,0,0,0,0,0,0,0,0,0,0,0,0,0,0,0,0,0,0,0,0,0,0,0,0,0,0,0,0,0,0,0,0,0,0,0,0
0.32826,0.42186,0.35224,0.36543,0.21446,0.38187,0.21605,0.20227,0.1927,0.18219,0.16889,0.3583,0.19933,0.20701,0.20607,0.17423,0.22983,0.13504,0.23813,0.15327,0.13708,0.13837,0.17411,0.12349,0.13448,0.14441,0.13513,0.14613,0.13261,0.13657,0.13201,0.12538,0.12054,0.16666,0.1663,0.12234,0.15029,0.1231,0.12076,0.10997,0.12155,0.11488,0.11985,0.12495,0.10348,0.093052,0.10346,0.10839,0.088354,0.096176,0,0,0,0,0,0,0,0,0,0,0,0,0,0,0,0,0,0,0,0,0,0,0,0,0,0,0,0,0,0,0,0,0,0,0,0,0,0,0,0,0,0,0,0,0,0,0,0,0,0,0,0,0,0,0,0,0,0,0,0,0,0,0,0,0,0,0,0,0,0,0,0,0,0,0,0,0,0,0,0,0
0.45393,0.52358,0.30901,0.30701,0.29359,0.24861,0.22686,0.29323,0.332,0.19885,0.16975,0.19148,0.19166,0.19052,0.17894,0.23006,0.16257,0.14934,0.17976,0.18784,0.1785,0.15342,0.13413,0.13846,0.12712,0.15088,0.12407,0.12545,0.28158,0.1144,0.13793,0.17472,0.11111,0.13,0.13318,0.11277,0.10967,0.12215,0.11626,0.17095,0.099848,0.10068,0.10068,0.10232,0.099631,0.11734,0.11854,0.14709,0.095999,0.10135,0,0,0,0,0,0,0,0,0,0,0,0,0,0,0,0,0,0,0,0,0,0,0,0,0,0,0,0,0,0,0,0,0,0,0,0,0,0,0,0,0,0,0,0,0,0,0,0,0,0,0,0,0,0,0,0,0,0,0,0,0,0,0,0,0,0,0,0,0,0,0,0,0,0,0,0,0,0,0,0,0
0.3178,0.33406,0.44962,0.29678,0.24798,0.23915,0.23674,0.19479,0.18029,0.1744,0.29673,0.18267,0.17158,0.17265,0.28984,0.15903,0.20877,0.18121,0.14669,0.13062,0.15777,0.15058,0.13221,0.1396,0.13541,0.16253,0.1438,0.12693,0.11769,0.13935,0.112,0.12024,0.12027,0.11467,0.11135,0.12284,0.10929,0.11277,0.11752,0.1052,0.11296,0.13614,0.10742,0.096842,0.091634,0.092181,0.12737,0.092242,0.098165,0.098691,0,0,0,0,0,0,0,0,0,0,0,0,0,0,0,0,0,0,0,0,0,0,0,0,0,0,0,0,0,0,0,0,0,0,0,0,0,0,0,0,0,0,0,0,0,0,0,0,0,0,0,0,0,0,0,0,0,0,0,0,0,0,0,0,0,0,0,0,0,0,0,0,0,0,0,0,0,0,0,0,0
0.50951,0.28223,0.2606,0.45148,0.37912,0.39825,0.2401,0.41241,0.20472,0.22849,0.19131,0.29379,0.16907,0.18646,0.16843,0.19229,0.27266,0.15582,0.1686,0.19137,0.17322,0.15859,0.13996,0.17443,0.12632,0.12323,0.12246,0.13228,0.11534,0.12065,0.1283,0.12615,0.1295,0.15297,0.11086,0.11788,0.1437,0.11549,0.12041,0.11982,0.11043,0.11197,0.10323,0.11316,0.103,0.10255,0.13389,0.10671,0.095515,0.12328,0,0,0,0,0,0,0,0,0,0,0,0,0,0,0,0,0,0,0,0,0,0,0,0,0,0,0,0,0,0,0,0,0,0,0,0,0,0,0,0,0,0,0,0,0,0,0,0,0,0,0,0,0,0,0,0,0,0,0,0,0,0,0,0,0,0,0,0,0,0,0,0,0,0,0,0,0,0,0,0,0
0.42687,0.42989,0.2977,0.47114,0.30092,0.32436,0.19759,0.26065,0.19223,0.22395,0.21228,0.16781,0.16056,0.16009,0.15943,0.17306,0.21696,0.16979,0.13739,0.17593,0.15966,0.14962,0.13962,0.13067,0.13619,0.14253,0.13881,0.12236,0.14066,0.14245,0.1239,0.11038,0.11464,0.12778,0.1093,0.11883,0.15335,0.13154,0.11392,0.10046,0.10703,0.10187,0.12136,0.10499,0.10291,0.11468,0.095664,0.098478,0.10007,0.095203,0,0,0,0,0,0,0,0,0,0,0,0,0,0,0,0,0,0,0,0,0,0,0,0,0,0,0,0,0,0,0,0,0,0,0,0,0,0,0,0,0,0,0,0,0,0,0,0,0,0,0,0,0,0,0,0,0,0,0,0,0,0,0,0,0,0,0,0,0,0,0,0,0,0,0,0,0,0,0,0,0
0.35,0.32673,0.27774,0.2845,0.31646,0.26004,0.17803,0.28952,0.22648,0.19909,0.23233,0.18731,0.22217,0.24076,0.2272,0.14872,0.13699,0.17269,0.16617,0.27798,0.16548,0.15061,0.19802,0.16033,0.15846,0.14618,0.16838,0.1218,0.12568,0.11742,0.12297,0.11504,0.13385,0.11933,0.12613,0.11054,0.11639,0.12387,0.11846,0.10757,0.10625,0.10378,0.10549,0.11274,0.10193,0.096736,0.11892,0.11878,0.10243,0.089367,0,0,0,0,0,0,0,0,0,0,0,0,0,0,0,0,0,0,0,0,0,0,0,0,0,0,0,0,0,0,0,0,0,0,0,0,0,0,0,0,0,0,0,0,0,0,0,0,0,0,0,0,0,0,0,0,0,0,0,0,0,0,0,0,0,0,0,0,0,0,0,0,0,0,0,0,0,0,0,0,0
0.73001,0.51903,0.30206,0.42786,0.21907,0.44014,0.19281,0.24432,0.21602,0.17464,0.18557,0.26987,0.18764,0.1605,0.18836,0.17444,0.15467,0.1612,0.14261,0.16127,0.16432,0.12536,0.13523,0.14251,0.14951,0.12626,0.11967,0.12394,0.14126,0.11488,0.12312,0.1298,0.10794,0.12064,0.11295,0.12828,0.10543,0.14863,0.11656,0.10744,0.10394,0.10436,0.099325,0.098405,0.094859,0.11536,0.092981,0.10028,0.10491,0.092703,0,0,0,0,0,0,0,0,0,0,0,0,0,0,0,0,0,0,0,0,0,0,0,0,0,0,0,0,0,0,0,0,0,0,0,0,0,0,0,0,0,0,0,0,0,0,0,0,0,0,0,0,0,0,0,0,0,0,0,0,0,0,0,0,0,0,0,0,0,0,0,0,0,0,0,0,0,0,0,0,0
0.27926,0.30298,0.30826,0.24337,0.23183,0.20892,0.24708,0.19334,0.21514,0.35651,0.18766,0.18836,0.21645,0.18584,0.14708,0.19566,0.15156,0.25598,0.16165,0.16367,0.13807,0.16375,0.13841,0.12699,0.1297,0.13901,0.1285,0.11933,0.1163,0.12926,0.24811,0.12935,0.10595,0.13008,0.12326,0.11786,0.11139,0.13066,0.10052,0.1042,0.10727,0.1338,0.10458,0.12004,0.099182,0.10996,0.10244,0.090297,0.10165,0.09578,0,0,0,0,0,0,0,0,0,0,0,0,0,0,0,0,0,0,0,0,0,0,0,0,0,0,0,0,0,0,0,0,0,0,0,0,0,0,0,0,0,0,0,0,0,0,0,0,0,0,0,0,0,0,0,0,0,0,0,0,0,0,0,0,0,0,0,0,0,0,0,0,0,0,0,0,0,0,0,0,0
0.27777,0.31547,0.38972,0.29357,0.20437,0.21991,0.4031,0.26064,0.36786,0.15956,0.24106,0.16432,0.14876,0.19172,0.15949,0.18907,0.16416,0.1837,0.18261,0.14667,0,0,0,0,0,0,0,0,0,0,0,0,0,0,0,0,0,0,0,0,0,0,0,0,0,0,0,0,0,0,0,0,0,0,0,0,0,0,0,0,0,0,0,0,0,0,0,0,0,0,0,0,0,0,0,0,0,0,0,0,0,0,0,0,0,0,0,0,0,0,0,0,0,0,0,0,0,0,0,0,0,0,0,0,0,0,0,0,0,0,0,0,0,0,0,0,0,0,0,0,0,0,0,0,0,0,0,0,0,0,0
0.54267,0.37152,0.36165,0.2373,0.23495,0.22218,0.26127,0.17627,0.21112,0.1784,0.21007,0.27273,0.36535,0.28599,0.1603,0.18565,0.158,0.17309,0.14189,0.15402,0,0,0,0,0,0,0,0,0,0,0,0,0,0,0,0,0,0,0,0,0,0,0,0,0,0,0,0,0,0,0,0,0,0,0,0,0,0,0,0,0,0,0,0,0,0,0,0,0,0,0,0,0,0,0,0,0,0,0,0,0,0,0,0,0,0,0,0,0,0,0,0,0,0,0,0,0,0,0,0,0,0,0,0,0,0,0,0,0,0,0,0,0,0,0,0,0,0,0,0,0,0,0,0,0,0,0,0,0,0,0
0.35315,0.47201,0.33482,0.27162,0.18934,0.28487,0.21699,0.25971,0.30021,0.20623,0.18713,0.18723,0.22601,0.17755,0.20431,0.29395,0.17762,0.14786,0.17699,0.16036,0,0,0,0,0,0,0,0,0,0,0,0,0,0,0,0,0,0,0,0,0,0,0,0,0,0,0,0,0,0,0,0,0,0,0,0,0,0,0,0,0,0,0,0,0,0,0,0,0,0,0,0,0,0,0,0,0,0,0,0,0,0,0,0,0,0,0,0,0,0,0,0,0,0,0,0,0,0,0,0,0,0,0,0,0,0,0,0,0,0,0,0,0,0,0,0,0,0,0,0,0,0,0,0,0,0,0,0,0,0,0
0.35,0.57879,0.26656,0.34398,0.24753,0.34847,0.35473,0.22815,0.25828,0.17471,0.28406,0.17379,0.21591,0.16595,0.14584,0.15308,0.14765,0.17549,0.15525,0.19385,0,0,0,0,0,0,0,0,0,0,0,0,0,0,0,0,0,0,0,0,0,0,0,0,0,0,0,0,0,0,0,0,0,0,0,0,0,0,0,0,0,0,0,0,0,0,0,0,0,0,0,0,0,0,0,0,0,0,0,0,0,0,0,0,0,0,0,0,0,0,0,0,0,0,0,0,0,0,0,0,0,0,0,0,0,0,0,0,0,0,0,0,0,0,0,0,0,0,0,0,0,0,0,0,0,0,0,0,0,0,0
0.4609,0.29608,0.27016,0.45169,0.24362,0.22842,0.17881,0.38863,0.19129,0.29716,0.27452,0.21003,0.18084,0.1785,0.16758,0.14906,0.17148,0.17222,0.17117,0.16415,0,0,0,0,0,0,0,0,0,0,0,0,0,0,0,0,0,0,0,0,0,0,0,0,0,0,0,0,0,0,0,0,0,0,0,0,0,0,0,0,0,0,0,0,0,0,0,0,0,0,0,0,0,0,0,0,0,0,0,0,0,0,0,0,0,0,0,0,0,0,0,0,0,0,0,0,0,0,0,0,0,0,0,0,0,0,0,0,0,0,0,0,0,0,0,0,0,0,0,0,0,0,0,0,0,0,0,0,0,0,0
0.35,0.34893,0.26583,0.2314,0.31584,0.26026,0.35513,0.19299,0.24501,0.27714,0.19019,0.17725,0.22486,0.18783,0.19055,0.17945,0.14968,0.15316,0.16592,0.14984,0,0,0,0,0,0,0,0,0,0,0,0,0,0,0,0,0,0,0,0,0,0,0,0,0,0,0,0,0,0,0,0,0,0,0,0,0,0,0,0,0,0,0,0,0,0,0,0,0,0,0,0,0,0,0,0,0,0,0,0,0,0,0,0,0,0,0,0,0,0,0,0,0,0,0,0,0,0,0,0,0,0,0,0,0,0,0,0,0,0,0,0,0,0,0,0,0,0,0,0,0,0,0,0,0,0,0,0,0,0,0
0.42687,0.46349,0.28805,0.21659,0.3173,0.18889,0.20208,0.21433,0.17275,0.17736,0.35361,0.20892,0.19227,0.19439,0.2188,0.14798,0.20018,0.15176,0.25806,0.17078,0,0,0,0,0,0,0,0,0,0,0,0,0,0,0,0,0,0,0,0,0,0,0,0,0,0,0,0,0,0,0,0,0,0,0,0,0,0,0,0,0,0,0,0,0,0,0,0,0,0,0,0,0,0,0,0,0,0,0,0,0,0,0,0,0,0,0,0,0,0,0,0,0,0,0,0,0,0,0,0,0,0,0,0,0,0,0,0,0,0,0,0,0,0,0,0,0,0,0,0,0,0,0,0,0,0,0,0,0,0,0
0.2013,0.29251,0.29659,0.28942,0.22457,0.2794,0.22148,0.19752,0.17387,0.18359,0.28872,0.22401,0.15169,0.22473,0.16683,0.1761,0.18171,0.33064,0.14613,0.16515,0,0,0,0,0,0,0,0,0,0,0,0,0,0,0,0,0,0,0,0,0,0,0,0,0,0,0,0,0,0,0,0,0,0,0,0,0,0,0,0,0,0,0,0,0,0,0,0,0,0,0,0,0,0,0,0,0,0,0,0,0,0,0,0,0,0,0,0,0,0,0,0,0,0,0,0,0,0,0,0,0,0,0,0,0,0,0,0,0,0,0,0,0,0,0,0,0,0,0,0,0,0,0,0,0,0,0,0,0,0,0
0.26783,0.54502,0.44168,0.4483,0.24828,0.30926,0.24632,0.27787,0.18952,0.18989,0.22726,0.23222,0.19024,0.20173,0.17742,0.18735,0.34114,0.14728,0.14616,0.13229,0,0,0,0,0,0,0,0,0,0,0,0,0,0,0,0,0,0,0,0,0,0,0,0,0,0,0,0,0,0,0,0,0,0,0,0,0,0,0,0,0,0,0,0,0,0,0,0,0,0,0,0,0,0,0,0,0,0,0,0,0,0,0,0,0,0,0,0,0,0,0,0,0,0,0,0,0,0,0,0,0,0,0,0,0,0,0,0,0,0,0,0,0,0,0,0,0,0,0,0,0,0,0,0,0,0,0,0,0,0,0
0.49072,0.34166,0.43386,0.34978,0.37089,0.25362,0.18326,0.21905,0.21727,0.2184,0.20565,0.16913,0.20723,0.17904,0.35243,0.15403,0.14332,0.20983,0.14184,0.14292,0,0,0,0,0,0,0,0,0,0,0,0,0,0,0,0,0,0,0,0,0,0,0,0,0,0,0,0,0,0,0,0,0,0,0,0,0,0,0,0,0,0,0,0,0,0,0,0,0,0,0,0,0,0,0,0,0,0,0,0,0,0,0,0,0,0,0,0,0,0,0,0,0,0,0,0,0,0,0,0,0,0,0,0,0,0,0,0,0,0,0,0,0,0,0,0,0,0,0,0,0,0,0,0,0,0,0,0,0,0,0
0.54241,0.29152,0.3812,0.40221,0.3492,0.26899,0.24532,0.19396,0.16697,0.21054,0.20145,0.17678,0.19594,0.17225,0.15327,0.16968,0.14889,0.17643,0.14661,0.22351,0,0,0,0,0,0,0,0,0,0,0,0,0,0,0,0,0,0,0,0,0,0,0,0,0,0,0,0,0,0,0,0,0,0,0,0,0,0,0,0,0,0,0,0,0,0,0,0,0,0,0,0,0,0,0,0,0,0,0,0,0,0,0,0,0,0,0,0,0,0,0,0,0,0,0,0,0,0,0,0,0,0,0,0,0,0,0,0,0,0,0,0,0,0,0,0,0,0,0,0,0,0,0,0,0,0,0,0,0,0,0
0.56244,0.42143,0.26666,0.2512,0.25559,0.2861,0.19821,0.18909,0.30075,0.20875,0.2444,0.19144,0.1669,0.18123,0.24448,0.14808,0.14565,0.22871,0.31286,0.17215,0,0,0,0,0,0,0,0,0,0,0,0,0,0,0,0,0,0,0,0,0,0,0,0,0,0,0,0,0,0,0,0,0,0,0,0,0,0,0,0,0,0,0,0,0,0,0,0,0,0,0,0,0,0,0,0,0,0,0,0,0,0,0,0,0,0,0,0,0,0,0,0,0,0,0,0,0,0,0,0,0,0,0,0,0,0,0,0,0,0,0,0,0,0,0,0,0,0,0,0,0,0,0,0,0,0,0,0,0,0,0
0.5239,0.32083,0.28871,0.25779,0.25219,0.25595,0.25082,0.21777,0.3195,0.21362,0.21742,0.28199,0.15758,0.14797,0.14179,0.17369,0.16604,0.1478,0.1499,0.17466,0,0,0,0,0,0,0,0,0,0,0,0,0,0,0,0,0,0,0,0,0,0,0,0,0,0,0,0,0,0,0,0,0,0,0,0,0,0,0,0,0,0,0,0,0,0,0,0,0,0,0,0,0,0,0,0,0,0,0,0,0,0,0,0,0,0,0,0,0,0,0,0,0,0,0,0,0,0,0,0,0,0,0,0,0,0,0,0,0,0,0,0,0,0,0,0,0,0,0,0,0,0,0,0,0,0,0,0,0,0,0
0.40038,0.28223,0.40937,0.34328,0.25543,0.28622,0.25802,0.23372,0.22515,0.16464,0.1864,0.17797,0.18977,0.26937,0.17391,0.14542,0.16399,0.1731,0.1568,0.18338,0,0,0,0,0,0,0,0,0,0,0,0,0,0,0,0,0,0,0,0,0,0,0,0,0,0,0,0,0,0,0,0,0,0,0,0,0,0,0,0,0,0,0,0,0,0,0,0,0,0,0,0,0,0,0,0,0,0,0,0,0,0,0,0,0,0,0,0,0,0,0,0,0,0,0,0,0,0,0,0,0,0,0,0,0,0,0,0,0,0,0,0,0,0,0,0,0,0,0,0,0,0,0,0,0,0,0,0,0,0,0
0.28656,0.51966,0.36816,0.25812,0.23615,0.25348,0.28062,0.19459,0.22166,0.1807,0.18416,0.17979,0.16749,0.16836,0.29735,0.14152,0.18073,0.24314,0.13883,0.18185,0,0,0,0,0,0,0,0,0,0,0,0,0,0,0,0,0,0,0,0,0,0,0,0,0,0,0,0,0,0,0,0,0,0,0,0,0,0,0,0,0,0,0,0,0,0,0,0,0,0,0,0,0,0,0,0,0,0,0,0,0,0,0,0,0,0,0,0,0,0,0,0,0,0,0,0,0,0,0,0,0,0,0,0,0,0,0,0,0,0,0,0,0,0,0,0,0,0,0,0,0,0,0,0,0,0,0,0,0,0,0
0.35877,0.25495,0.29314,0.21792,0.37641,0.2614,0.22036,0.1961,0.196,0.18622,0.22272,0.17908,0.16321,0.1455,0.19,0.17754,0.14648,0.15287,0.16252,0.13853,0,0,0,0,0,0,0,0,0,0,0,0,0,0,0,0,0,0,0,0,0,0,0,0,0,0,0,0,0,0,0,0,0,0,0,0,0,0,0,0,0,0,0,0,0,0,0,0,0,0,0,0,0,0,0,0,0,0,0,0,0,0,0,0,0,0,0,0,0,0,0,0,0,0,0,0,0,0,0,0,0,0,0,0,0,0,0,0,0,0,0,0,0,0,0,0,0,0,0,0,0,0,0,0,0,0,0,0,0,0,0
0.32975,0.43909,0.35,0.26707,0.22981,0.3193,0.211,0.18939,0.21379,0.2185,0.18279,0.20091,0.16314,0.16527,0.3003,0.1936,0.18561,0.18411,0.1446,0.13193,0,0,0,0,0,0,0,0,0,0,0,0,0,0,0,0,0,0,0,0,0,0,0,0,0,0,0,0,0,0,0,0,0,0,0,0,0,0,0,0,0,0,0,0,0,0,0,0,0,0,0,0,0,0,0,0,0,0,0,0,0,0,0,0,0,0,0,0,0,0,0,0,0,0,0,0,0,0,0,0,0,0,0,0,0,0,0,0,0,0,0,0,0,0,0,0,0,0,0,0,0,0,0,0,0,0,0,0,0,0,0
0.34082,0.27755,0.3271,0.31292,0.20926,0.39976,0.19948,0.25358,0.2369,0.20199,0.18565,0.2743,0.19231,0.17097,0.15589,0.19285,0.24825,0.17762,0.15399,0.2171,0,0,0,0,0,0,0,0,0,0,0,0,0,0,0,0,0,0,0,0,0,0,0,0,0,0,0,0,0,0,0,0,0,0,0,0,0,0,0,0,0,0,0,0,0,0,0,0,0,0,0,0,0,0,0,0,0,0,0,0,0,0,0,0,0,0,0,0,0,0,0,0,0,0,0,0,0,0,0,0,0,0,0,0,0,0,0,0,0,0,0,0,0,0,0,0,0,0,0,0,0,0,0,0,0,0,0,0,0,0,0
0.36193,0.524,0.37102,0.36893,0.25399,0.25115,0.2466,0.22212,0.23945,0.16032,0.1969,0.2364,0.18103,0.19304,0.18782,0.16887,0.19622,0.14586,0.15683,0.14594,0,0,0,0,0,0,0,0,0,0,0,0,0,0,0,0,0,0,0,0,0,0,0,0,0,0,0,0,0,0,0,0,0,0,0,0,0,0,0,0,0,0,0,0,0,0,0,0,0,0,0,0,0,0,0,0,0,0,0,0,0,0,0,0,0,0,0,0,0,0,0,0,0,0,0,0,0,0,0,0,0,0,0,0,0,0,0,0,0,0,0,0,0,0,0,0,0,0,0,0,0,0,0,0,0,0,0,0,0,0,0
0.35528,0.39526,0.24178,0.2469,0.25618,0.22806,0.3631,0.2092,0.2386,0.21962,0.19294,0.2017,0.14413,0.19696,0.17067,0.15449,0.15962,0.1476,0.15995,0.1369,0,0,0,0,0,0,0,0,0,0,0,0,0,0,0,0,0,0,0,0,0,0,0,0,0,0,0,0,0,0,0,0,0,0,0,0,0,0,0,0,0,0,0,0,0,0,0,0,0,0,0,0,0,0,0,0,0,0,0,0,0,0,0,0,0,0,0,0,0,0,0,0,0,0,0,0,0,0,0,0,0,0,0,0,0,0,0,0,0,0,0,0,0,0,0,0,0,0,0,0,0,0,0,0,0,0,0,0,0,0,0
0.34082,0.3464,0.35,0.38096,0.31073,0.25292,0.21309,0.19797,0.2001,0.18421,0.21143,0.1665,0.17522,0.18498,0.1513,0.16485,0.1656,0.13345,0.16488,0.1372,0,0,0,0,0,0,0,0,0,0,0,0,0,0,0,0,0,0,0,0,0,0,0,0,0,0,0,0,0,0,0,0,0,0,0,0,0,0,0,0,0,0,0,0,0,0,0,0,0,0,0,0,0,0,0,0,0,0,0,0,0,0,0,0,0,0,0,0,0,0,0,0,0,0,0,0,0,0,0,0,0,0,0,0,0,0,0,0,0,0,0,0,0,0,0,0,0,0,0,0,0,0,0,0,0,0,0,0,0,0,0
0.26783,0.25717,0.33489,0.25379,0.27859,0.22501,0.312,0.21946,0.30178,0.25111,0.16057,0.21786,0.25906,0.20235,0.14172,0.16096,0.17957,0.19999,0.15079,0.14258,0,0,0,0,0,0,0,0,0,0,0,0,0,0,0,0,0,0,0,0,0,0,0,0,0,0,0,0,0,0,0,0,0,0,0,0,0,0,0,0,0,0,0,0,0,0,0,0,0,0,0,0,0,0,0,0,0,0,0,0,0,0,0,0,0,0,0,0,0,0,0,0,0,0,0,0,0,0,0,0,0,0,0,0,0,0,0,0,0,0,0,0,0,0,0,0,0,0,0,0,0,0,0,0,0,0,0,0,0,0,0
0.35,0.3119,0.25456,0.39146,0.22131,0.31607,0.2268,0.22247,0.19315,0.20815,0.19787,0.16013,0.16522,0.16243,0.17911,0.19753,0.33351,0.15464,0.14624,0.14356,0,0,0,0,0,0,0,0,0,0,0,0,0,0,0,0,0,0,0,0,0,0,0,0,0,0,0,0,0,0,0,0,0,0,0,0,0,0,0,0,0,0,0,0,0,0,0,0,0,0,0,0,0,0,0,0,0,0,0,0,0,0,0,0,0,0,0,0,0,0,0,0,0,0,0,0,0,0,0,0,0,0,0,0,0,0,0,0,0,0,0,0,0,0,0,0,0,0,0,0,0,0,0,0,0,0,0,0,0,0,0
0.53306,0.46966,0.29653,0.32442,0.23487,0.18126,0.32159,0.20234,0.18727,0.21021,0.18125,0.19215,0.17684,0.17076,0.24835,0.16608,0.14274,0.19815,0.15151,0.14678,0,0,0,0,0,0,0,0,0,0,0,0,0,0,0,0,0,0,0,0,0,0,0,0,0,0,0,0,0,0,0,0,0,0,0,0,0,0,0,0,0,0,0,0,0,0,0,0,0,0,0,0,0,0,0,0,0,0,0,0,0,0,0,0,0,0,0,0,0,0,0,0,0,0,0,0,0,0,0,0,0,0,0,0,0,0,0,0,0,0,0,0,0,0,0,0,0,0,0,0,0,0,0,0,0,0,0,0,0,0,0
0.56917,0.30943,0.31558,0.27371,0.23838,0.27718,0.22163,0.32678,0.18154,0.17635,0.34007,0.22252,0.23682,0.35692,0.1466,0.1378,0.16563,0.15886,0.13846,0.17406,0,0,0,0,0,0,0,0,0,0,0,0,0,0,0,0,0,0,0,0,0,0,0,0,0,0,0,0,0,0,0,0,0,0,0,0,0,0,0,0,0,0,0,0,0,0,0,0,0,0,0,0,0,0,0,0,0,0,0,0,0,0,0,0,0,0,0,0,0,0,0,0,0,0,0,0,0,0,0,0,0,0,0,0,0,0,0,0,0,0,0,0,0,0,0,0,0,0,0,0,0,0,0,0,0,0,0,0,0,0,0
0.34082,0.32255,0.42903,0.30037,0.37071,0.2179,0.24335,0.24093,0.20468,0.22958,0.17062,0.16251,0.14587,0.19395,0.18938,0.1454,0.14704,0.16752,0.18202,0.13581,0,0,0,0,0,0,0,0,0,0,0,0,0,0,0,0,0,0,0,0,0,0,0,0,0,0,0,0,0,0,0,0,0,0,0,0,0,0,0,0,0,0,0,0,0,0,0,0,0,0,0,0,0,0,0,0,0,0,0,0,0,0,0,0,0,0,0,0,0,0,0,0,0,0,0,0,0,0,0,0,0,0,0,0,0,0,0,0,0,0,0,0,0,0,0,0,0,0,0,0,0,0,0,0,0,0,0,0,0,0,0
0.2658,0.39069,0.35045,0.25201,0.21551,0.18987,0.18245,0.22493,0.18048,0.30777,0.17217,0.15642,0.19375,0.18366,0.15137,0.1704,0.1454,0.15994,0.19315,0.15913,0,0,0,0,0,0,0,0,0,0,0,0,0,0,0,0,0,0,0,0,0,0,0,0,0,0,0,0,0,0,0,0,0,0,0,0,0,0,0,0,0,0,0,0,0,0,0,0,0,0,0,0,0,0,0,0,0,0,0,0,0,0,0,0,0,0,0,0,0,0,0,0,0,0,0,0,0,0,0,0,0,0,0,0,0,0,0,0,0,0,0,0,0,0,0,0,0,0,0,0,0,0,0,0,0,0,0,0,0,0,0
0.46695,0.44664,0.35198,0.43277,0.23565,0.22274,0.37383,0.16779,0.20997,0.32879,0.22354,0.18423,0.21684,0.17577,0.20111,0.17043,0.15829,0.15923,0.15517,0.1311,0,0,0,0,0,0,0,0,0,0,0,0,0,0,0,0,0,0,0,0,0,0,0,0,0,0,0,0,0,0,0,0,0,0,0,0,0,0,0,0,0,0,0,0,0,0,0,0,0,0,0,0,0,0,0,0,0,0,0,0,0,0,0,0,0,0,0,0,0,0,0,0,0,0,0,0,0,0,0,0,0,0,0,0,0,0,0,0,0,0,0,0,0,0,0,0,0,0,0,0,0,0,0,0,0,0,0,0,0,0,0
0.41004,0.48808,0.35,0.39654,0.39036,0.2094,0.39979,0.1816,0.20307,0.25835,0.17308,0.19534,0.14882,0.15673,0.18195,0.18865,0.20155,0.14371,0.17408,0.17991,0,0,0,0,0,0,0,0,0,0,0,0,0,0,0,0,0,0,0,0,0,0,0,0,0,0,0,0,0,0,0,0,0,0,0,0,0,0,0,0,0,0,0,0,0,0,0,0,0,0,0,0,0,0,0,0,0,0,0,0,0,0,0,0,0,0,0,0,0,0,0,0,0,0,0,0,0,0,0,0,0,0,0,0,0,0,0,0,0,0,0,0,0,0,0,0,0,0,0,0,0,0,0,0,0,0,0,0,0,0,0
0.54842,0.50721,0.32478,0.44216,0.36268,0.45243,0.21982,0.2017,0.3223,0.19608,0.19107,0.18914,0.33548,0.20134,0.15142,0.17773,0.15532,0.1652,0.14136,0.16251,0,0,0,0,0,0,0,0,0,0,0,0,0,0,0,0,0,0,0,0,0,0,0,0,0,0,0,0,0,0,0,0,0,0,0,0,0,0,0,0,0,0,0,0,0,0,0,0,0,0,0,0,0,0,0,0,0,0,0,0,0,0,0,0,0,0,0,0,0,0,0,0,0,0,0,0,0,0,0,0,0,0,0,0,0,0,0,0,0,0,0,0,0,0,0,0,0,0,0,0,0,0,0,0,0,0,0,0,0,0,0
0.54842,0.52838,0.32279,0.39982,0.20149,0.28289,0.18206,0.40759,0.22142,0.22017,0.19565,0.16788,0.15575,0.16244,0.18248,0.1649,0.15808,0.17533,0.13288,0.12994,0,0,0,0,0,0,0,0,0,0,0,0,0,0,0,0,0,0,0,0,0,0,0,0,0,0,0,0,0,0,0,0,0,0,0,0,0,0,0,0,0,0,0,0,0,0,0,0,0,0,0,0,0,0,0,0,0,0,0,0,0,0,0,0,0,0,0,0,0,0,0,0,0,0,0,0,0,0,0,0,0,0,0,0,0,0,0,0,0,0,0,0,0,0,0,0,0,0,0,0,0,0,0,0,0,0,0,0,0,0,0
0.34175,0.42043,0.35,0.24172,0.22836,0.23933,0.19789,0.22024,0.1691,0.35934,0.18357,0.17608,0.22097,0.28802,0.16629,0.3018,0.23557,0.2663,0.16189,0.1664,0,0,0,0,0,0,0,0,0,0,0,0,0,0,0,0,0,0,0,0,0,0,0,0,0,0,0,0,0,0,0,0,0,0,0,0,0,0,0,0,0,0,0,0,0,0,0,0,0,0,0,0,0,0,0,0,0,0,0,0,0,0,0,0,0,0,0,0,0,0,0,0,0,0,0,0,0,0,0,0,0,0,0,0,0,0,0,0,0,0,0,0,0,0,0,0,0,0,0,0,0,0,0,0,0,0,0,0,0,0,0
0.24085,0.30533,0.3494,0.33191,0.2678,0.24918,0.20096,0.26382,0.22841,0.2009,0.16721,0.28231,0.16139,0.19233,0.17525,0.23227,0.19578,0.15989,0.17683,0.15282,0,0,0,0,0,0,0,0,0,0,0,0,0,0,0,0,0,0,0,0,0,0,0,0,0,0,0,0,0,0,0,0,0,0,0,0,0,0,0,0,0,0,0,0,0,0,0,0,0,0,0,0,0,0,0,0,0,0,0,0,0,0,0,0,0,0,0,0,0,0,0,0,0,0,0,0,0,0,0,0,0,0,0,0,0,0,0,0,0,0,0,0,0,0,0,0,0,0,0,0,0,0,0,0,0,0,0,0,0,0,0
0.36193,0.35275,0.22445,0.29779,0.40643,0.2439,0.24115,0.19685,0.21653,0.18426,0.2255,0.22719,0.16254,0.15799,0.17994,0.20092,0.15024,0.17988,0.14123,0.14675,0,0,0,0,0,0,0,0,0,0,0,0,0,0,0,0,0,0,0,0,0,0,0,0,0,0,0,0,0,0,0,0,0,0,0,0,0,0,0,0,0,0,0,0,0,0,0,0,0,0,0,0,0,0,0,0,0,0,0,0,0,0,0,0,0,0,0,0,0,0,0,0,0,0,0,0,0,0,0,0,0,0,0,0,0,0,0,0,0,0,0,0,0,0,0,0,0,0,0,0,0,0,0,0,0,0,0,0,0,0,0
0.3498,0.47897,0.35,0.20585,0.28135,0.30599,0.41935,0.19926,0.22278,0.23645,0.16548,0.19933,0.16021,0.14373,0.16418,0.14873,0.15121,0.23623,0.12992,0.12703,0,0,0,0,0,0,0,0,0,0,0,0,0,0,0,0,0,0,0,0,0,0,0,0,0,0,0,0,0,0,0,0,0,0,0,0,0,0,0,0,0,0,0,0,0,0,0,0,0,0,0,0,0,0,0,0,0,0,0,0,0,0,0,0,0,0,0,0,0,0,0,0,0,0,0,0,0,0,0,0,0,0,0,0,0,0,0,0,0,0,0,0,0,0,0,0,0,0,0,0,0,0,0,0,0,0,0,0,0,0,0
0.34061,0.3353,0.29684,0.26623,0.22114,0.23397,0.22504,0.18152,0.17464,0.1814,0.17671,0.19224,0.20282,0.25193,0.15851,0.1468,0.13946,0.20224,0.16645,0.15654,0,0,0,0,0,0,0,0,0,0,0,0,0,0,0,0,0,0,0,0,0,0,0,0,0,0,0,0,0,0,0,0,0,0,0,0,0,0,0,0,0,0,0,0,0,0,0,0,0,0,0,0,0,0,0,0,0,0,0,0,0,0,0,0,0,0,0,0,0,0,0,0,0,0,0,0,0,0,0,0,0,0,0,0,0,0,0,0,0,0,0,0,0,0,0,0,0,0,0,0,0,0,0,0,0,0,0,0,0,0,0
0.34958,0.28869,0.35201,0.21924,0.18901,0.23093,0.18674,0.22758,0.17162,0.24465,0.36522,0.15762,0.15966,0.2758,0.18847,0.15953,0.14825,0.17388,0.16842,0.13361,0,0,0,0,0,0,0,0,0,0,0,0,0,0,0,0,0,0,0,0,0,0,0,0,0,0,0,0,0,0,0,0,0,0,0,0,0,0,0,0,0,0,0,0,0,0,0,0,0,0,0,0,0,0,0,0,0,0,0,0,0,0,0,0,0,0,0,0,0,0,0,0,0,0,0,0,0,0,0,0,0,0,0,0,0,0,0,0,0,0,0,0,0,0,0,0,0,0,0,0,0,0,0,0,0,0,0,0,0,0,0
0.26783,0.54585,0.21082,0.40676,0.43,0.22915,0.22312,0.33717,0.30342,0.23841,0.2537,0.17705,0.17714,0.1822,0.24709,0.2082,0.16501,0.13984,0.16351,0.14623,0,0,0,0,0,0,0,0,0,0,0,0,0,0,0,0,0,0,0,0,0,0,0,0,0,0,0,0,0,0,0,0,0,0,0,0,0,0,0,0,0,0,0,0,0,0,0,0,0,0,0,0,0,0,0,0,0,0,0,0,0,0,0,0,0,0,0,0,0,0,0,0,0,0,0,0,0,0,0,0,0,0,0,0,0,0,0,0,0,0,0,0,0,0,0,0,0,0,0,0,0,0,0,0,0,0,0,0,0,0,0
0.46695,0.48072,0.32231,0.39831,0.4184,0.21705,0.22805,0.25055,0.18507,0.18255,0.25389,0.1866,0.19352,0.27232,0.19262,0.16233,0.16103,0.17623,0.16457,0.16246,0,0,0,0,0,0,0,0,0,0,0,0,0,0,0,0,0,0,0,0,0,0,0,0,0,0,0,0,0,0,0,0,0,0,0,0,0,0,0,0,0,0,0,0,0,0,0,0,0,0,0,0,0,0,0,0,0,0,0,0,0,0,0,0,0,0,0,0,0,0,0,0,0,0,0,0,0,0,0,0,0,0,0,0,0,0,0,0,0,0,0,0,0,0,0,0,0,0,0,0,0,0,0,0,0,0,0,0,0,0,0
0.46848,0.52736,0.30785,0.26635,0.19915,0.38879,0.34196,0.33911,0.22531,0.21375,0.15744,0.24881,0.18753,0.16779,0.19758,0.2662,0.15924,0.14174,0.19752,0.19996,0,0,0,0,0,0,0,0,0,0,0,0,0,0,0,0,0,0,0,0,0,0,0,0,0,0,0,0,0,0,0,0,0,0,0,0,0,0,0,0,0,0,0,0,0,0,0,0,0,0,0,0,0,0,0,0,0,0,0,0,0,0,0,0,0,0,0,0,0,0,0,0,0,0,0,0,0,0,0,0,0,0,0,0,0,0,0,0,0,0,0,0,0,0,0,0,0,0,0,0,0,0,0,0,0,0,0,0,0,0,0
0.28506,0.26651,0.34971,0.23282,0.1958,0.17658,0.27162,0.29062,0.26783,0.19342,0.18718,0.21805,0.15229,0.17216,0.1604,0.15433,0.13899,0.15505,0.1778,0.17617,0,0,0,0,0,0,0,0,0,0,0,0,0,0,0,0,0,0,0,0,0,0,0,0,0,0,0,0,0,0,0,0,0,0,0,0,0,0,0,0,0,0,0,0,0,0,0,0,0,0,0,0,0,0,0,0,0,0,0,0,0,0,0,0,0,0,0,0,0,0,0,0,0,0,0,0,0,0,0,0,0,0,0,0,0,0,0,0,0,0,0,0,0,0,0,0,0,0,0,0,0,0,0,0,0,0,0,0,0,0,0
0.38189,0.50386,0.36069,0.26544,0.21024,0.27172,0.17277,0.33903,0.17353,0.19277,0.17009,0.22482,0.18243,0.16597,0.18572,0.16204,0.13942,0.14346,0.1667,0.15561,0,0,0,0,0,0,0,0,0,0,0,0,0,0,0,0,0,0,0,0,0,0,0,0,0,0,0,0,0,0,0,0,0,0,0,0,0,0,0,0,0,0,0,0,0,0,0,0,0,0,0,0,0,0,0,0,0,0,0,0,0,0,0,0,0,0,0,0,0,0,0,0,0,0,0,0,0,0,0,0,0,0,0,0,0,0,0,0,0,0,0,0,0,0,0,0,0,0,0,0,0,0,0,0,0,0,0,0,0,0,0
0.49072,0.5311,0.3513,0.20371,0.19678,0.19192,0.21926,0.18614,0.18129,0.18949,0.29208,0.15861,0.24429,0.18818,0.18806,0.18498,0.16012,0.13785,0.21837,0.20912,0,0,0,0,0,0,0,0,0,0,0,0,0,0,0,0,0,0,0,0,0,0,0,0,0,0,0,0,0,0,0,0,0,0,0,0,0,0,0,0,0,0,0,0,0,0,0,0,0,0,0,0,0,0,0,0,0,0,0,0,0,0,0,0,0,0,0,0,0,0,0,0,0,0,0,0,0,0,0,0,0,0,0,0,0,0,0,0,0,0,0,0,0,0,0,0,0,0,0,0,0,0,0,0,0,0,0,0,0,0,0
0.47984,0.2924,0.45984,0.38944,0.24425,0.20267,0.25645,0.2245,0.18825,0.24189,0.23034,0.20573,0.17739,0.24606,0.16582,0.16168,0.14268,0.15155,0.14106,0.13638,0,0,0,0,0,0,0,0,0,0,0,0,0,0,0,0,0,0,0,0,0,0,0,0,0,0,0,0,0,0,0,0,0,0,0,0,0,0,0,0,0,0,0,0,0,0,0,0,0,0,0,0,0,0,0,0,0,0,0,0,0,0,0,0,0,0,0,0,0,0,0,0,0,0,0,0,0,0,0,0,0,0,0,0,0,0,0,0,0,0,0,0,0,0,0,0,0,0,0,0,0,0,0,0,0,0,0,0,0,0,0
0.27777,0.33308,0.28229,0.3499,0.24594,0.24506,0.19544,0.21321,0.33769,0.24122,0.16538,0.18818,0.16503,0.17024,0.1544,0.21238,0.15783,0.16081,0.17635,0.15921,0,0,0,0,0,0,0,0,0,0,0,0,0,0,0,0,0,0,0,0,0,0,0,0,0,0,0,0,0,0,0,0,0,0,0,0,0,0,0,0,0,0,0,0,0,0,0,0,0,0,0,0,0,0,0,0,0,0,0,0,0,0,0,0,0,0,0,0,0,0,0,0,0,0,0,0,0,0,0,0,0,0,0,0,0,0,0,0,0,0,0,0,0,0,0,0,0,0,0,0,0,0,0,0,0,0,0,0,0,0,0
0.29567,0.40311,0.18935,0.22949,0.26348,0.26915,0.20217,0.31169,0.23704,0.26829,0.2072,0.23795,0.19572,0.16987,0.20315,0.17399,0.1771,0.13408,0.16706,0.15311,0,0,0,0,0,0,0,0,0,0,0,0,0,0,0,0,0,0,0,0,0,0,0,0,0,0,0,0,0,0,0,0,0,0,0,0,0,0,0,0,0,0,0,0,0,0,0,0,0,0,0,0,0,0,0,0,0,0,0,0,0,0,0,0,0,0,0,0,0,0,0,0,0,0,0,0,0,0,0,0,0,0,0,0,0,0,0,0,0,0,0,0,0,0,0,0,0,0,0,0,0,0,0,0,0,0,0,0,0,0,0
0.4609,0.31101,0.47624,0.28888,0.33005,0.24056,0.18759,0.18161,0.28577,0.21871,0.24719,0.16263,0.1696,0.16995,0.14635,0.18005,0.16881,0.14787,0.14116,0.21251,0,0,0,0,0,0,0,0,0,0,0,0,0,0,0,0,0,0,0,0,0,0,0,0,0,0,0,0,0,0,0,0,0,0,0,0,0,0,0,0,0,0,0,0,0,0,0,0,0,0,0,0,0,0,0,0,0,0,0,0,0,0,0,0,0,0,0,0,0,0,0,0,0,0,0,0,0,0,0,0,0,0,0,0,0,0,0,0,0,0,0,0,0,0,0,0,0,0,0,0,0,0,0,0,0,0,0,0,0,0,0
0.35,0.47042,0.33993,0.19764,0.36117,0.37341,0.22045,0.28043,0.205,0.21135,0.33242,0.20113,0.1726,0.14346,0.20706,0.17386,0.15537,0.14207,0.14466,0.22657,0,0,0,0,0,0,0,0,0,0,0,0,0,0,0,0,0,0,0,0,0,0,0,0,0,0,0,0,0,0,0,0,0,0,0,0,0,0,0,0,0,0,0,0,0,0,0,0,0,0,0,0,0,0,0,0,0,0,0,0,0,0,0,0,0,0,0,0,0,0,0,0,0,0,0,0,0,0,0,0,0,0,0,0,0,0,0,0,0,0,0,0,0,0,0,0,0,0,0,0,0,0,0,0,0,0,0,0,0,0,0
0.59521,0.30507,0.35,0.23649,0.39453,0.20117,0.21604,0.38854,0.19542,0.17208,0.26425,0.23257,0.35466,0.16336,0.15778,0.19175,0.23475,0.17329,0.17549,0.14649,0,0,0,0,0,0,0,0,0,0,0,0,0,0,0,0,0,0,0,0,0,0,0,0,0,0,0,0,0,0,0,0,0,0,0,0,0,0,0,0,0,0,0,0,0,0,0,0,0,0,0,0,0,0,0,0,0,0,0,0,0,0,0,0,0,0,0,0,0,0,0,0,0,0,0,0,0,0,0,0,0,0,0,0,0,0,0,0,0,0,0,0,0,0,0,0,0,0,0,0,0,0,0,0,0,0,0,0,0,0,0
0.28015,0.49187,0.37206,0.28722,0.26656,0.41011,0.418,0.27256,0.32091,0.27195,0.18453,0.33582,0.18453,0.18342,0.2855,0.12953,0.18036,0.15352,0.15306,0.13807,0,0,0,0,0,0,0,0,0,0,0,0,0,0,0,0,0,0,0,0,0,0,0,0,0,0,0,0,0,0,0,0,0,0,0,0,0,0,0,0,0,0,0,0,0,0,0,0,0,0,0,0,0,0,0,0,0,0,0,0,0,0,0,0,0,0,0,0,0,0,0,0,0,0,0,0,0,0,0,0,0,0,0,0,0,0,0,0,0,0,0,0,0,0,0,0,0,0,0,0,0,0,0,0,0,0,0,0,0,0,0
0.27926,0.3303,0.28564,0.31175,0.20702,0.29873,0.20076,0.19696,0.20819,0.23032,0.19179,0.19283,0.15212,0.16388,0.17572,0.16065,0.29872,0.16327,0.16514,0.21683,0,0,0,0,0,0,0,0,0,0,0,0,0,0,0,0,0,0,0,0,0,0,0,0,0,0,0,0,0,0,0,0,0,0,0,0,0,0,0,0,0,0,0,0,0,0,0,0,0,0,0,0,0,0,0,0,0,0,0,0,0,0,0,0,0,0,0,0,0,0,0,0,0,0,0,0,0,0,0,0,0,0,0,0,0,0,0,0,0,0,0,0,0,0,0,0,0,0,0,0,0,0,0,0,0,0,0,0,0,0,0
0.32826,0.39373,0.31319,0.23329,0.29966,0.28814,0.21068,0.24196,0.20833,0.20438,0.39559,0.25733,0.17783,0.16419,0.16297,0.2872,0.14241,0.15414,0.15658,0.14666,0,0,0,0,0,0,0,0,0,0,0,0,0,0,0,0,0,0,0,0,0,0,0,0,0,0,0,0,0,0,0,0,0,0,0,0,0,0,0,0,0,0,0,0,0,0,0,0,0,0,0,0,0,0,0,0,0,0,0,0,0,0,0,0,0,0,0,0,0,0,0,0,0,0,0,0,0,0,0,0,0,0,0,0,0,0,0,0,0,0,0,0,0,0,0,0,0,0,0,0,0,0,0,0,0,0,0,0,0,0,0
0.34082,0.30652,0.33365,0.27774,0.31869,0.18833,0.20627,0.36924,0.21627,0.23778,0.19399,0.18408,0.20313,0.19961,0.20759,0.14123,0.16038,0.15999,0.16293,0.14504,0,0,0,0,0,0,0,0,0,0,0,0,0,0,0,0,0,0,0,0,0,0,0,0,0,0,0,0,0,0,0,0,0,0,0,0,0,0,0,0,0,0,0,0,0,0,0,0,0,0,0,0,0,0,0,0,0,0,0,0,0,0,0,0,0,0,0,0,0,0,0,0,0,0,0,0,0,0,0,0,0,0,0,0,0,0,0,0,0,0,0,0,0,0,0,0,0,0,0,0,0,0,0,0,0,0,0,0,0,0,0
0.4609,0.54398,0.34147,0.29767,0.37849,0.2179,0.24046,0.2048,0.16042,0.32845,0.21142,0.30979,0.19641,0.17195,0.1651,0.15841,0.17662,0.15759,0.13808,0.14488,0,0,0,0,0,0,0,0,0,0,0,0,0,0,0,0,0,0,0,0,0,0,0,0,0,0,0,0,0,0,0,0,0,0,0,0,0,0,0,0,0,0,0,0,0,0,0,0,0,0,0,0,0,0,0,0,0,0,0,0,0,0,0,0,0,0,0,0,0,0,0,0,0,0,0,0,0,0,0,0,0,0,0,0,0,0,0,0,0,0,0,0,0,0,0,0,0,0,0,0,0,0,0,0,0,0,0,0,0,0,0
0.30185,0.45093,0.22822,0.2485,0.40926,0.22864,0.19224,0.33355,0.23016,0.34729,0.37864,0.15855,0.22615,0.19263,0.16035,0.1545,0.15614,0.15125,0.15853,0.15166,0,0,0,0,0,0,0,0,0,0,0,0,0,0,0,0,0,0,0,0,0,0,0,0,0,0,0,0,0,0,0,0,0,0,0,0,0,0,0,0,0,0,0,0,0,0,0,0,0,0,0,0,0,0,0,0,0,0,0,0,0,0,0,0,0,0,0,0,0,0,0,0,0,0,0,0,0,0,0,0,0,0,0,0,0,0,0,0,0,0,0,0,0,0,0,0,0,0,0,0,0,0,0,0,0,0,0,0,0,0,0
0.33148,0.33552,0.30371,0.2598,0.25112,0.22232,0.23908,0.21305,0.16563,0.21586,0.23979,0.24848,0.16364,0.15052,0.2062,0.32362,0.15328,0.17564,0.13923,0.1778,0,0,0,0,0,0,0,0,0,0,0,0,0,0,0,0,0,0,0,0,0,0,0,0,0,0,0,0,0,0,0,0,0,0,0,0,0,0,0,0,0,0,0,0,0,0,0,0,0,0,0,0,0,0,0,0,0,0,0,0,0,0,0,0,0,0,0,0,0,0,0,0,0,0,0,0,0,0,0,0,0,0,0,0,0,0,0,0,0,0,0,0,0,0,0,0,0,0,0,0,0,0,0,0,0,0,0,0,0,0,0
0.35,0.249,0.44563,0.21167,0.34845,0.20375,0.21174,0.2116,0.1861,0.20645,0.17673,0.16677,0.1769,0.18558,0.1888,0.16009,0.18993,0.20924,0.16176,0.33987,0,0,0,0,0,0,0,0,0,0,0,0,0,0,0,0,0,0,0,0,0,0,0,0,0,0,0,0,0,0,0,0,0,0,0,0,0,0,0,0,0,0,0,0,0,0,0,0,0,0,0,0,0,0,0,0,0,0,0,0,0,0,0,0,0,0,0,0,0,0,0,0,0,0,0,0,0,0,0,0,0,0,0,0,0,0,0,0,0,0,0,0,0,0,0,0,0,0,0,0,0,0,0,0,0,0,0,0,0,0,0
0.50951,0.26811,0.23278,0.44676,0.36287,0.38614,0.34209,0.20435,0.18053,0.18224,0.17713,0.17759,0.15135,0.19817,0.16519,0.168,0.14616,0.15414,0.19387,0.14516,0,0,0,0,0,0,0,0,0,0,0,0,0,0,0,0,0,0,0,0,0,0,0,0,0,0,0,0,0,0,0,0,0,0,0,0,0,0,0,0,0,0,0,0,0,0,0,0,0,0,0,0,0,0,0,0,0,0,0,0,0,0,0,0,0,0,0,0,0,0,0,0,0,0,0,0,0,0,0,0,0,0,0,0,0,0,0,0,0,0,0,0,0,0,0,0,0,0,0,0,0,0,0,0,0,0,0,0,0,0,0
0.28015,0.55374,0.35,0.35,0.20036,0.18119,0.33453,0.20705,0.217,0.20189,0.19701,0.17048,0.16313,0.20736,0.18031,0.18736,0.15618,0.21183,0.15239,0.14765,0,0,0,0,0,0,0,0,0,0,0,0,0,0,0,0,0,0,0,0,0,0,0,0,0,0,0,0,0,0,0,0,0,0,0,0,0,0,0,0,0,0,0,0,0,0,0,0,0,0,0,0,0,0,0,0,0,0,0,0,0,0,0,0,0,0,0,0,0,0,0,0,0,0,0,0,0,0,0,0,0,0,0,0,0,0,0,0,0,0,0,0,0,0,0,0,0,0,0,0,0,0,0,0,0,0,0,0,0,0,0
0.52276,0.36574,0.27454,0.31699,0.23727,0.26742,0.27401,0.28626,0.23701,0.21526,0.33839,0.17237,0.15936,0.16656,0.24334,0.18191,0.223,0.14062,0.17537,0.14601,0,0,0,0,0,0,0,0,0,0,0,0,0,0,0,0,0,0,0,0,0,0,0,0,0,0,0,0,0,0,0,0,0,0,0,0,0,0,0,0,0,0,0,0,0,0,0,0,0,0,0,0,0,0,0,0,0,0,0,0,0,0,0,0,0,0,0,0,0,0,0,0,0,0,0,0,0,0,0,0,0,0,0,0,0,0,0,0,0,0,0,0,0,0,0,0,0,0,0,0,0,0,0,0,0,0,0,0,0,0,0
0.45393,0.29281,0.43864,0.37447,0.21725,0.25937,0.20949,0.20122,0.2396,0.32957,0.18419,0.20869,0.20536,0.1587,0.27447,0.14337,0.14364,0.15917,0.15584,0.14616,0,0,0,0,0,0,0,0,0,0,0,0,0,0,0,0,0,0,0,0,0,0,0,0,0,0,0,0,0,0,0,0,0,0,0,0,0,0,0,0,0,0,0,0,0,0,0,0,0,0,0,0,0,0,0,0,0,0,0,0,0,0,0,0,0,0,0,0,0,0,0,0,0,0,0,0,0,0,0,0,0,0,0,0,0,0,0,0,0,0,0,0,0,0,0,0,0,0,0,0,0,0,0,0,0,0,0,0,0,0,0
0.27482,0.5724,0.35,0.26495,0.23626,0.18542,0.17094,0.35479,0.20415,0.23542,0.21754,0.31269,0.32969,0.17664,0.17848,0.15772,0.17038,0.13924,0.13402,0.16898,0,0,0,0,0,0,0,0,0,0,0,0,0,0,0,0,0,0,0,0,0,0,0,0,0,0,0,0,0,0,0,0,0,0,0,0,0,0,0,0,0,0,0,0,0,0,0,0,0,0,0,0,0,0,0,0,0,0,0,0,0,0,0,0,0,0,0,0,0,0,0,0,0,0,0,0,0,0,0,0,0,0,0,0,0,0,0,0,0,0,0,0,0,0,0,0,0,0,0,0,0,0,0,0,0,0,0,0,0,0,0
0.59521,0.2734,0.27909,0.23982,0.22569,0.25309,0.39433,0.29287,0.33811,0.36164,0.20254,0.16944,0.16026,0.26707,0.18617,0.21022,0.14874,0.26638,0.15782,0.17411,0,0,0,0,0,0,0,0,0,0,0,0,0,0,0,0,0,0,0,0,0,0,0,0,0,0,0,0,0,0,0,0,0,0,0,0,0,0,0,0,0,0,0,0,0,0,0,0,0,0,0,0,0,0,0,0,0,0,0,0,0,0,0,0,0,0,0,0,0,0,0,0,0,0,0,0,0,0,0,0,0,0,0,0,0,0,0,0,0,0,0,0,0,0,0,0,0,0,0,0,0,0,0,0,0,0,0,0,0,0,0
0.34411,0.47898,0.29525,0.236,0.32217,0.30424,0.18229,0.29842,0.30019,0.29414,0.17398,0.27139,0.1871,0.22387,0.16445,0.18287,0.15824,0.18061,0.15401,0.21062,0,0,0,0,0,0,0,0,0,0,0,0,0,0,0,0,0,0,0,0,0,0,0,0,0,0,0,0,0,0,0,0,0,0,0,0,0,0,0,0,0,0,0,0,0,0,0,0,0,0,0,0,0,0,0,0,0,0,0,0,0,0,0,0,0,0,0,0,0,0,0,0,0,0,0,0,0,0,0,0,0,0,0,0,0,0,0,0,0,0,0,0,0,0,0,0,0,0,0,0,0,0,0,0,0,0,0,0,0,0,0
0.28921,0.53914,0.32717,0.20265,0.28871,0.22637,0.4148,0.33397,0.19429,0.17905,0.19807,0.16758,0.15732,0.15856,0.19883,0.17014,0.20895,0.2412,0.14013,0.13792,0,0,0,0,0,0,0,0,0,0,0,0,0,0,0,0,0,0,0,0,0,0,0,0,0,0,0,0,0,0,0,0,0,0,0,0,0,0,0,0,0,0,0,0,0,0,0,0,0,0,0,0,0,0,0,0,0,0,0,0,0,0,0,0,0,0,0,0,0,0,0,0,0,0,0,0,0,0,0,0,0,0,0,0,0,0,0,0,0,0,0,0,0,0,0,0,0,0,0,0,0,0,0,0,0,0,0,0,0,0,0
0.30755,0.29718,0.3335,0.44896,0.30129,0.25782,0.21249,0.22423,0.25117,0.22465,0.19133,0.30436,0.18327,0.17154,0.163,0.15173,0.17476,0.15848,0.13713,0.16258,0,0,0,0,0,0,0,0,0,0,0,0,0,0,0,0,0,0,0,0,0,0,0,0,0,0,0,0,0,0,0,0,0,0,0,0,0,0,0,0,0,0,0,0,0,0,0,0,0,0,0,0,0,0,0,0,0,0,0,0,0,0,0,0,0,0,0,0,0,0,0,0,0,0,0,0,0,0,0,0,0,0,0,0,0,0,0,0,0,0,0,0,0,0,0,0,0,0,0,0,0,0,0,0,0,0,0,0,0,0,0
0.48121,0.46315,0.39213,0.41133,0.25929,0.22021,0.20541,0.30486,0.33809,0.21954,0.17283,0.17629,0.16238,0.1893,0.15345,0.16773,0.18475,0.1514,0.15495,0.15143,0,0,0,0,0,0,0,0,0,0,0,0,0,0,0,0,0,0,0,0,0,0,0,0,0,0,0,0,0,0,0,0,0,0,0,0,0,0,0,0,0,0,0,0,0,0,0,0,0,0,0,0,0,0,0,0,0,0,0,0,0,0,0,0,0,0,0,0,0,0,0,0,0,0,0,0,0,0,0,0,0,0,0,0,0,0,0,0,0,0,0,0,0,0,0,0,0,0,0,0,0,0,0,0,0,0,0,0,0,0,0
0.4907,0.47521,0.24888,0.25543,0.21472,0.33043,0.34375,0.30198,0.21217,0.18926,0.35993,0.21289,0.24554,0.30806,0.17096,0.19784,0.1965,0.16404,0.14153,0.14987,0,0,0,0,0,0,0,0,0,0,0,0,0,0,0,0,0,0,0,0,0,0,0,0,0,0,0,0,0,0,0,0,0,0,0,0,0,0,0,0,0,0,0,0,0,0,0,0,0,0,0,0,0,0,0,0,0,0,0,0,0,0,0,0,0,0,0,0,0,0,0,0,0,0,0,0,0,0,0,0,0,0,0,0,0,0,0,0,0,0,0,0,0,0,0,0,0,0,0,0,0,0,0,0,0,0,0,0,0,0,0
0.29567,0.31134,0.3128,0.21515,0.36615,0.37078,0.18437,0.30756,0.21579,0.21153,0.20893,0.2461,0.18007,0.19112,0.15607,0.14593,0.14488,0.18989,0.16457,0.16978,0,0,0,0,0,0,0,0,0,0,0,0,0,0,0,0,0,0,0,0,0,0,0,0,0,0,0,0,0,0,0,0,0,0,0,0,0,0,0,0,0,0,0,0,0,0,0,0,0,0,0,0,0,0,0,0,0,0,0,0,0,0,0,0,0,0,0,0,0,0,0,0,0,0,0,0,0,0,0,0,0,0,0,0,0,0,0,0,0,0,0,0,0,0,0,0,0,0,0,0,0,0,0,0,0,0,0,0,0,0,0
0.32826,0.4839,0.46968,0.36615,0.25801,0.22336,0.32712,0.19999,0.19849,0.19781,0.19724,0.1638,0.16593,0.18884,0.19378,0.33909,0.16897,0.15485,0.1393,0.16776,0,0,0,0,0,0,0,0,0,0,0,0,0,0,0,0,0,0,0,0,0,0,0,0,0,0,0,0,0,0,0,0,0,0,0,0,0,0,0,0,0,0,0,0,0,0,0,0,0,0,0,0,0,0,0,0,0,0,0,0,0,0,0,0,0,0,0,0,0,0,0,0,0,0,0,0,0,0,0,0,0,0,0,0,0,0,0,0,0,0,0,0,0,0,0,0,0,0,0,0,0,0,0,0,0,0,0,0,0,0,0
0.34411,0.30199,0.39908,0.20158,0.20293,0.21632,0.22314,0.18952,0.24799,0.1864,0.16396,0.19477,0.17498,0.17166,0.22733,0.16396,0.15005,0.15574,0.16934,0.15094,0,0,0,0,0,0,0,0,0,0,0,0,0,0,0,0,0,0,0,0,0,0,0,0,0,0,0,0,0,0,0,0,0,0,0,0,0,0,0,0,0,0,0,0,0,0,0,0,0,0,0,0,0,0,0,0,0,0,0,0,0,0,0,0,0,0,0,0,0,0,0,0,0,0,0,0,0,0,0,0,0,0,0,0,0,0,0,0,0,0,0,0,0,0,0,0,0,0,0,0,0,0,0,0,0,0,0,0,0,0,0
0.45311,0.48222,0.35,0.20295,0.21626,0.39816,0.2022,0.21421,0.18873,0.22321,0.35707,0.20035,0.18084,0.1785,0.20067,0.16136,0.26353,0.13853,0.15071,0.15069,0,0,0,0,0,0,0,0,0,0,0,0,0,0,0,0,0,0,0,0,0,0,0,0,0,0,0,0,0,0,0,0,0,0,0,0,0,0,0,0,0,0,0,0,0,0,0,0,0,0,0,0,0,0,0,0,0,0,0,0,0,0,0,0,0,0,0,0,0,0,0,0,0,0,0,0,0,0,0,0,0,0,0,0,0,0,0,0,0,0,0,0,0,0,0,0,0,0,0,0,0,0,0,0,0,0,0,0,0,0,0
0.34082,0.3511,0.35182,0.44081,0.33133,0.27713,0.30419,0.21206,0.2291,0.17864,0.1812,0.16556,0.16284,0.16826,0.1723,0.17121,0.25835,0.14131,0.15778,0.18138,0,0,0,0,0,0,0,0,0,0,0,0,0,0,0,0,0,0,0,0,0,0,0,0,0,0,0,0,0,0,0,0,0,0,0,0,0,0,0,0,0,0,0,0,0,0,0,0,0,0,0,0,0,0,0,0,0,0,0,0,0,0,0,0,0,0,0,0,0,0,0,0,0,0,0,0,0,0,0,0,0,0,0,0,0,0,0,0,0,0,0,0,0,0,0,0,0,0,0,0,0,0,0,0,0,0,0,0,0,0,0
0.46848,0.29618,0.26758,0.47562,0.48149,0.24445,0.18342,0.22492,0.17228,0.21885,0.22939,0.17673,0.18785,0.15287,0.16831,0.17682,0.14778,0.1424,0.15899,0.15046,0,0,0,0,0,0,0,0,0,0,0,0,0,0,0,0,0,0,0,0,0,0,0,0,0,0,0,0,0,0,0,0,0,0,0,0,0,0,0,0,0,0,0,0,0,0,0,0,0,0,0,0,0,0,0,0,0,0,0,0,0,0,0,0,0,0,0,0,0,0,0,0,0,0,0,0,0,0,0,0,0,0,0,0,0,0,0,0,0,0,0,0,0,0,0,0,0,0,0,0,0,0,0,0,0,0,0,0,0,0,0
0.41472,0.34851,0.27848,0.22195,0.35,0.27574,0.23759,0.32719,0.19013,0.22863,0.38896,0.1711,0.16703,0.18473,0.15766,0.19239,0.21396,0.2164,0.20446,0.17961,0,0,0,0,0,0,0,0,0,0,0,0,0,0,0,0,0,0,0,0,0,0,0,0,0,0,0,0,0,0,0,0,0,0,0,0,0,0,0,0,0,0,0,0,0,0,0,0,0,0,0,0,0,0,0,0,0,0,0,0,0,0,0,0,0,0,0,0,0,0,0,0,0,0,0,0,0,0,0,0,0,0,0,0,0,0,0,0,0,0,0,0,0,0,0,0,0,0,0,0,0,0,0,0,0,0,0,0,0,0,0
0.47822,0.35746,0.28057,0.4455,0.33173,0.41271,0.33337,0.35241,0.18766,0.19714,0.18838,0.22247,0.17066,0.25625,0.15045,0.18052,0.16927,0.17506,0.19763,0.14731,0,0,0,0,0,0,0,0,0,0,0,0,0,0,0,0,0,0,0,0,0,0,0,0,0,0,0,0,0,0,0,0,0,0,0,0,0,0,0,0,0,0,0,0,0,0,0,0,0,0,0,0,0,0,0,0,0,0,0,0,0,0,0,0,0,0,0,0,0,0,0,0,0,0,0,0,0,0,0,0,0,0,0,0,0,0,0,0,0,0,0,0,0,0,0,0,0,0,0,0,0,0,0,0,0,0,0,0,0,0,0
0.50151,0.57415,0.29289,0.25416,0.33732,0.20751,0.18587,0.26085,0.24942,0.18663,0.18964,0.19279,0.218,0.18949,0.25324,0.14626,0.1907,0.15645,0.18776,0.1607,0,0,0,0,0,0,0,0,0,0,0,0,0,0,0,0,0,0,0,0,0,0,0,0,0,0,0,0,0,0,0,0,0,0,0,0,0,0,0,0,0,0,0,0,0,0,0,0,0,0,0,0,0,0,0,0,0,0,0,0,0,0,0,0,0,0,0,0,0,0,0,0,0,0,0,0,0,0,0,0,0,0,0,0,0,0,0,0,0,0,0,0,0,0,0,0,0,0,0,0,0,0,0,0,0,0,0,0,0,0,0
0.36027,0.26732,0.33729,0.2154,0.22937,0.38197,0.24196,0.28074,0.20933,0.3213,0.18536,0.21849,0.19893,0.16167,0.28212,0.18464,0.17272,0.13747,0.19426,0.14052,0,0,0,0,0,0,0,0,0,0,0,0,0,0,0,0,0,0,0,0,0,0,0,0,0,0,0,0,0,0,0,0,0,0,0,0,0,0,0,0,0,0,0,0,0,0,0,0,0,0,0,0,0,0,0,0,0,0,0,0,0,0,0,0,0,0,0,0,0,0,0,0,0,0,0,0,0,0,0,0,0,0,0,0,0,0,0,0,0,0,0,0,0,0,0,0,0,0,0,0,0,0,0,0,0,0,0,0,0,0,0
0.35,0.31072,0.27262,0.28839,0.37921,0.25852,0.35075,0.24282,0.21533,0.17192,0.15231,0.17533,0.26185,0.18002,0.15132,0.1461,0.17001,0.199,0.16182,0.16861,0,0,0,0,0,0,0,0,0,0,0,0,0,0,0,0,0,0,0,0,0,0,0,0,0,0,0,0,0,0,0,0,0,0,0,0,0,0,0,0,0,0,0,0,0,0,0,0,0,0,0,0,0,0,0,0,0,0,0,0,0,0,0,0,0,0,0,0,0,0,0,0,0,0,0,0,0,0,0,0,0,0,0,0,0,0,0,0,0,0,0,0,0,0,0,0,0,0,0,0,0,0,0,0,0,0,0,0,0,0,0
0.45567,0.34171,0.27532,0.24068,0.22542,0.22911,0.33105,0.27466,0.22709,0.22065,0.20687,0.16834,0.17419,0.1661,0.17739,0.1499,0.1531,0.13811,0.23584,0.14816,0,0,0,0,0,0,0,0,0,0,0,0,0,0,0,0,0,0,0,0,0,0,0,0,0,0,0,0,0,0,0,0,0,0,0,0,0,0,0,0,0,0,0,0,0,0,0,0,0,0,0,0,0,0,0,0,0,0,0,0,0,0,0,0,0,0,0,0,0,0,0,0,0,0,0,0,0,0,0,0,0,0,0,0,0,0,0,0,0,0,0,0,0,0,0,0,0,0,0,0,0,0,0,0,0,0,0,0,0,0,0
